,A,B,C,D
2000-01-01,-0.2221311759138717,1.399832728035699,1.5671940611905848,-2.0709677865518756
2000-01-02,-0.07637724787231129,2.9152893516879,2.3771991634169587,-2.0339234020537713
2000-01-03,0.5811441132429276,3.5309325891588927,3.0693616451994803,-2.5255836648373533
2000-01-04,0.5333145097556079,4.219739301398111,4.87102067448408,-3.24707220359802
2000-01-05,0.5694317853193251,3.238767557740138,3.970726086283939,-4.2706885380486055
2000-01-06,2.6298570784295405,2.1184191725129,4.606991541938747,-4.542732776133458
2000-01-07,2.3263221491324,3.241141440370133,6.098589797060054,-4.515773686225519
2000-01-08,2.560633566114149,4.984798960829231,7.084519416439662,-4.441465052400438
2000-01-09,2.483111875023138,5.048903683189798,6.7177990501680815,-4.033890377179895
2000-01-10,1.2563835220547328,4.187979251237753,5.467696775433662,-5.413936367956484
2000-01-11,1.4931208384711065,3.6816975343618337,5.447391629604781,-6.629930543690738
2000-01-12,1.4962491505503002,3.1329741386713508,6.004930952141571,-6.331488669020034
2000-01-13,1.5179293114373782,2.773488669563563,5.877154974769227,-7.832168406767998
2000-01-14,0.05203892934903509,2.907193208939072,6.174403088593612,-6.661398132857267
2000-01-15,0.4138823324087074,3.2953374679109126,6.202630805109908,-8.048960261938738
2000-01-16,-1.5654832699007533,3.9049178085954876,5.450018517021266,-8.086062002305146
2000-01-17,-1.9592224275952228,3.685213308439635,6.349849896581209,-7.8000529937741945
2000-01-18,-1.3250101330805149,4.345951519787427,7.058013190622443,-8.78001870173321
2000-01-19,-1.5792956484189755,3.0760804606400933,8.048213142916156,-9.43566877820791
2000-01-20,-0.8239637598716475,4.95011471198014,10.483134227438287,-9.32803454110711
2000-01-21,-1.2111816831044557,4.517236160968597,11.00450839253792,-9.337262760094541
2000-01-22,-1.377857577409446,5.202881279809045,10.79475031664721,-10.293168782937668
2000-01-23,-1.507959857547049,6.3811264044490255,9.590049114413542,-8.509345397561116
2000-01-24,-1.6179452367355163,7.4627327040864895,9.048952584310387,-8.442213737907691
2000-01-25,-0.46553693692306597,7.212862435208007,9.142362296531813,-7.97103783731798
2000-01-26,-0.6019144142951408,7.188830738798702,7.143103685321681,-7.947693359275489
2000-01-27,-1.9658414661506343,7.477127751478604,8.888463282225773,-8.864156432888947
2000-01-28,-1.5610950868297626,6.389537539415381,8.397871846971698,-9.437739364679475
2000-01-29,-1.7530832687810136,6.777243332869793,8.823620050719288,-8.601316070746142
2000-01-30,-1.479585682217684,7.059495317751143,9.272149587399502,-10.230432957144524
2000-01-31,-1.4280672102359142,4.783841755947298,8.87423012571231,-9.046816936088007
2000-02-01,-1.7959361936529414,4.082024477285359,9.741883791287584,-10.015039086276131
2000-02-02,-1.3347381173662745,5.413307878047607,9.975713271801515,-9.811258711544419
2000-02-03,-1.7525459808796353,4.061850683651553,10.064275719453727,-10.115929082554285
2000-02-04,-2.1943580249157253,4.34977826241242,10.17180219158051,-10.380345376101985
2000-02-05,-0.7687213441859579,5.333451672811256,11.339409923041613,-9.77107357508243
2000-02-06,0.045146872478869615,4.731402043913258,11.757802429508278,-7.982684270402486
2000-02-07,0.8669252306450441,4.064834610003219,12.722894424520415,-9.535961081889496
2000-02-08,2.885960802305877,4.134995799844316,11.980210371795838,-9.379676635572604
2000-02-09,2.3096869690413566,3.4849959009460267,12.680727507607319,-11.03167895762969
2000-02-10,3.082885410295652,4.437853090221915,12.168074520001648,-10.702352798497932
2000-02-11,3.6938124990786507,4.2647446412559304,13.344301446235626,-9.567416110119485
2000-02-12,3.796451473320703,3.1279362550266625,13.326315050355033,-10.115968487691054
2000-02-13,2.160468066309589,3.708221843762919,13.854040327075376,-8.683942776908587
2000-02-14,2.73237628853792,3.419574996756014,14.771983094269103,-8.275158471919529
2000-02-15,3.1499129194257454,2.9517509898154444,13.489279387527345,-8.515057551725853
2000-02-16,2.0130248595483238,3.1280377209818777,14.082376668525843,-7.570298059327298
2000-02-17,1.951254575554307,3.240681672460808,15.207516131711833,-9.685252523010899
2000-02-18,2.6022175825172833,3.291892752040804,16.19910884272577,-9.830558531337614
2000-02-19,0.17163329590272003,2.3872190240253675,14.91420381310387,-10.405310145793667
2000-02-20,0.5024826404423581,2.6622417753959673,13.158524917866234,-9.761602665905858
2000-02-21,0.5284017623114841,2.8909461059044292,13.58872643832989,-9.6696824614366
2000-02-22,0.7652737992287753,4.389431496444831,13.409153450930503,-8.326124964003657
2000-02-23,1.5153585280463129,5.0830046268322615,12.67081780954075,-9.927367097056658
2000-02-24,0.3386979520676221,4.980202842940717,11.799858883422436,-10.952759449224708
2000-02-25,1.1788900656759917,4.44106636744558,13.032673847951402,-12.536781282439751
2000-02-26,1.1968184736716767,5.893124865127173,13.812638708076152,-13.60866078424457
2000-02-27,0.9027449847368698,7.024233729937029,13.884000282304257,-12.283925624967583
2000-02-28,0.10251867479807719,8.32048611995521,13.3379954990696,-13.864713322169072
2000-02-29,0.3776506461248142,8.689789639279843,13.57885506405474,-12.899743990058944
2000-03-01,0.44533795766213036,7.614276685550222,13.01405295098163,-12.471068812830804
2000-03-02,0.7796079929512683,9.248540612137257,13.433929547138492,-12.407477344157167
2000-03-03,0.48571354853517185,8.78640834347383,13.161681879749937,-12.134454763131759
2000-03-04,1.7184148175246028,9.180000808001795,12.406567045178024,-11.63384346829298
2000-03-05,-0.05281249880567063,8.862631933317402,10.732130678047376,-12.517036565808377
2000-03-06,-0.05756009043807617,11.247248224885892,11.385544024421108,-13.32428289552336
2000-03-07,0.43609574144997487,11.78723830180991,11.864276287868417,-13.682963125366422
2000-03-08,1.6489399192191478,12.829594817506464,11.718862195581288,-14.210457377746192
2000-03-09,1.6299747129828772,13.26347585080366,12.643745589860872,-15.22582146968917
2000-03-10,2.6410325666519037,13.433612621763574,13.2953819918665,-15.180134639009456
2000-03-11,1.7490069704430895,13.771684619024029,11.208061505864636,-14.889997860111016
2000-03-12,1.445132290414715,14.605668749855392,8.965910515013473,-16.858313724062953
2000-03-13,-0.5331734125768233,13.917863399515106,7.972175488829311,-17.711570276386624
2000-03-14,1.626292357140606,12.50937497969231,8.164908593050441,-17.733806701023383
2000-03-15,2.253324847559696,12.790518765532717,7.60450226019576,-17.367490931870424
2000-03-16,2.324521174293155,13.726767579396293,7.330340112932235,-17.775120095193596
2000-03-17,1.3264357597320893,15.219023330094902,7.4622509373830725,-18.971842511134817
2000-03-18,1.6068251791767751,15.765747937351136,7.72088967550191,-17.270297189579143
2000-03-19,1.2115697558838228,14.475387762092822,9.233368139304876,-16.430129356937897
2000-03-20,2.4290676501978523,13.686240614088883,8.570216238171254,-17.58352825394986
2000-03-21,3.596131021529736,14.111030577354233,8.906648695709785,-17.398518031141396
2000-03-22,3.5591872306913537,12.874919091625253,9.223359256409957,-18.415400805668025
2000-03-23,3.958973640256148,12.745069855442773,9.543586670483606,-17.958784727133214
2000-03-24,4.426518053490931,12.687009473179183,10.175681650420048,-16.633524367730267
2000-03-25,4.163436904169629,13.1131933558319,11.457851762820471,-15.83197873334943
2000-03-26,3.1968365842564443,15.248095942538304,12.058220966134474,-15.407399927228903
2000-03-27,3.9104604562471144,14.449848847120936,12.558348587621511,-15.946032769234778
2000-03-28,4.330794996077367,14.398799350847334,13.433672313598233,-15.978883943621437
2000-03-29,3.1724265558991585,13.119975665597762,12.648589144043473,-16.331169569539906
2000-03-30,3.7444414679344598,12.783999477080537,12.698835980178993,-16.969183173151727
2000-03-31,5.304769282955709,12.9404262233037,12.326123903168126,-19.278122404282502
2000-04-01,6.686419914653854,13.997826635322399,11.246329270520839,-19.74681542754916
2000-04-02,6.6034725027810035,15.092102839090034,11.347570489176727,-19.995640933247397
2000-04-03,5.845478338747437,15.898302661825253,11.933060459745846,-21.574288969496926
2000-04-04,7.566901419307801,17.490108905448135,12.048592014104342,-22.354486886077325
2000-04-05,7.154652314886438,18.19651563313785,11.880873387634322,-22.955786310778926
2000-04-06,7.152264253594603,17.510659645915922,10.956067244685011,-23.90052415160112
2000-04-07,7.309277863132093,17.256374320314542,12.365649107653914,-21.55063733940156
2000-04-08,8.229884391055151,17.69176937571821,12.19543263603615,-23.38862236529678
2000-04-09,9.126060493397294,16.219349148420186,13.275230538269241,-24.033056719734752
2000-04-10,9.248620714726849,16.161051474449334,13.153839525255412,-24.64214029997442
2000-04-11,10.118783706004054,16.618034528628584,13.333335463294114,-22.255241229053965
2000-04-12,10.08520200307234,17.414605274696598,13.78326038523409,-20.014136399193344
2000-04-13,10.129990960574935,18.28849209994508,14.581792992430795,-20.726677862301084
2000-04-14,10.838132991108365,19.117212317317282,13.292510098137344,-21.595024333809484
2000-04-15,10.7837560096853,22.011897081180468,12.94241387515245,-20.546342495457523
2000-04-16,8.7110401474689,23.090746298926003,12.283957876541491,-23.087548536316834
2000-04-17,9.535353307528455,24.49478970567975,11.848192387970908,-22.441201855587785
2000-04-18,9.477215174005577,25.24840436852145,11.793061650184079,-24.111049054548523
2000-04-19,8.730207143291674,24.34039108538073,11.495404447036547,-23.80490016751182
2000-04-20,8.105835411391038,25.99002116476418,13.34355527027634,-24.57222608312556
2000-04-21,7.540267915325002,26.276754308958868,11.67613284270941,-25.32216841771213
2000-04-22,6.216137671650905,26.08290932401479,10.859782814444236,-24.657151259280134
2000-04-23,7.826914688561152,26.588857343761298,8.950157485162576,-27.58448308466619
2000-04-24,7.177739171499776,26.30778416091814,8.50727099173712,-29.128877361223044
2000-04-25,6.635306488410913,26.444863445041854,9.26536739071881,-28.82684736921173
2000-04-26,7.305135422883658,27.999056635484504,8.92460154768185,-28.416391856739516
2000-04-27,7.962051530290669,28.208836533886352,7.0037543873585095,-28.630127795467093
2000-04-28,8.794045373709082,29.51934217320339,8.149787200959677,-27.96331780479243
2000-04-29,8.44151683950796,28.89989791251792,8.16525277510462,-29.324962932774845
2000-04-30,8.784405935299093,28.855802936887024,8.75412887018664,-26.794824106538222
2000-05-01,9.659905630255228,28.912095273867394,6.433204273514146,-26.992286160468225
2000-05-02,9.072960682611667,29.83321423838103,5.781231686491166,-27.74183119346782
2000-05-03,11.195347551828423,30.684507627571772,8.608009046290617,-28.441593252046154
2000-05-04,9.941501218016672,31.89024347823712,7.9153043354673125,-28.127426894072943
2000-05-05,8.74101204569101,30.837828183177013,7.351486359988473,-27.415598258035292
2000-05-06,10.088765761139427,32.23756225563746,7.851593662077518,-26.18715524507028
2000-05-07,10.13028860059935,33.160101302857385,6.711100954752476,-23.783802312868733
2000-05-08,9.690754157444463,31.652057211253016,7.331570500066379,-23.06788002063564
2000-05-09,8.157901165507983,30.56519504173633,8.274399505765539,-23.902238687129465
2000-05-10,8.517245746286656,31.026665937135053,7.076172751285186,-22.485458015185184
2000-05-11,8.714301030582492,32.200209191634315,6.573502199651006,-22.783311096905283
2000-05-12,8.345796467417001,32.26969928667595,6.166568490353474,-22.313075848051195
2000-05-13,7.863289398520707,30.318646541176005,8.89815373816165,-23.052543127795953
2000-05-14,6.586301553207643,29.720560572815625,8.67889411994418,-22.7953032160109
2000-05-15,5.821113580564262,30.076816571493648,10.158686223441336,-22.754404404347017
2000-05-16,3.6679806410999936,31.07542741795527,9.199380716282118,-21.094968132474104
2000-05-17,4.18635012358797,31.22998069147563,8.887834371665377,-21.92797786276123
2000-05-18,5.448057529485484,31.05001567251862,7.338370165279195,-21.173375725710734
2000-05-19,7.086139783521205,30.635566679296918,7.510950530804789,-21.40317624135134
2000-05-20,8.160515838838318,31.182501831354813,8.531347574725471,-22.49950801649531
2000-05-21,7.444342239456143,30.119172333140384,9.980368417470142,-22.154311611960377
2000-05-22,7.5943341986653605,30.123188793898517,9.320916486006716,-22.164946446179286
2000-05-23,6.360504286258443,30.08788056445433,8.178341551573594,-21.02529375520694
2000-05-24,7.808322805369577,30.388843663952297,7.675639651223751,-19.57265576749284
2000-05-25,8.01317232304294,31.19542377085785,7.0363794264954365,-18.845119715013954
2000-05-26,7.84544604761083,30.974310858284472,7.677994945035435,-18.731940621643858
2000-05-27,8.448628043528611,32.14345484689773,6.357789456880391,-17.7146627741076
2000-05-28,9.57480728357443,34.044477452196595,5.407635182355461,-16.944288973915437
2000-05-29,9.230385701545174,33.54932944594471,6.648728894673022,-16.444659229357562
2000-05-30,9.871008648791307,31.547527323779345,6.175440086904156,-15.680415259037897
2000-05-31,9.471878920879897,31.111566589753327,6.42574653921058,-13.461177992170285
2000-06-01,11.215183240805139,30.061626573251743,7.226084885792049,-12.95554438448461
2000-06-02,10.312219912589494,29.861994629601075,7.560638523151176,-13.338483561357279
2000-06-03,9.677742432029223,28.5789346947177,8.35112881160503,-13.955087151523195
2000-06-04,8.803237321437779,27.014267096102937,8.067552396483991,-15.587712637412443
2000-06-05,6.882369598666619,27.46854933633079,6.189158830232026,-16.05774849856355
2000-06-06,8.399916446749135,25.921150550121812,7.03112828678531,-14.313290303058082
2000-06-07,8.46824844670246,25.742320219035538,7.620006649899869,-14.347183738356787
2000-06-08,7.740974014853961,25.231650398153633,7.195720810332091,-13.573303370584787
2000-06-09,6.359716467943112,25.09016110535351,8.607320278799593,-13.089547268158734
2000-06-10,6.906631823317215,25.503799926885264,8.311902634050012,-13.923730902325705
2000-06-11,6.4275387296474324,27.77352319599947,8.073243085318454,-13.068751405351426
2000-06-12,5.7070461703991135,26.862091719423226,8.853050270053881,-11.267785120655791
2000-06-13,6.211944740374071,26.976722455378585,10.949418866125356,-10.277469820391284
2000-06-14,5.500547509429309,27.59953624794131,11.423433720391088,-10.50168638744814
2000-06-15,4.897515466603309,28.448772848637795,13.358609693047995,-10.496473438454208
2000-06-16,5.591419891006055,28.403434345841113,14.881048659529391,-8.747074229574391
2000-06-17,4.988987525029069,27.463855609374942,15.571894231180279,-9.998006551515715
2000-06-18,6.283482439692931,25.95036950227562,15.456655908422567,-9.615004731609927
2000-06-19,6.117370478253539,23.323022550002047,16.850356225819688,-8.732446487376377
2000-06-20,5.744825048055994,23.888325478928788,15.689515384613408,-7.937005371826458
2000-06-21,8.039968500181661,24.66533288284378,15.044429018124589,-7.271459199323986
2000-06-22,8.10075712848477,26.583467726395618,15.51286575253033,-6.35119814474002
2000-06-23,7.916051656257859,28.514456384116272,17.153512877258176,-8.021204865123476
2000-06-24,7.990511503731554,27.830551445727952,16.712151078354115,-6.999196370177897
2000-06-25,9.05117573461737,26.38911065213318,16.303928598260967,-8.19783451068022
2000-06-26,9.007786983015707,25.457993422915767,17.213744268156837,-7.666596553390012
2000-06-27,9.072748637958362,26.407332926898658,15.122280847225056,-7.6571318756784486
2000-06-28,9.050366472850618,26.970348207485056,13.793625550626924,-7.244328243869145
2000-06-29,7.849094038844859,25.660605192401512,14.030553013380604,-7.755474265270431
2000-06-30,8.349297935550778,26.523021304431694,15.001018181680935,-7.250846029440233
2000-07-01,8.196462800052842,26.521506329769895,15.54660087872963,-7.500889024680141
2000-07-02,8.557721317280079,27.641736442805453,15.90873175835641,-5.104540522235625
2000-07-03,9.207422708736024,26.222563128726033,14.570395787061692,-5.0764317433567
2000-07-04,9.342926150159187,25.277466485347716,14.54511437778551,-4.871911003368295
2000-07-05,9.12739973393195,23.62815029583322,14.785455492418142,-5.835852230354271
2000-07-06,8.642448487924998,23.654588472276245,15.510880915106485,-4.2323625250228085
2000-07-07,8.734525446729746,24.31321359972503,16.218245803777926,-4.423544282635917
2000-07-08,9.020724538261403,22.594231207572168,17.67876372861531,-4.116581067893044
2000-07-09,7.459851518684363,21.553833668950666,16.880502267781846,-4.825188545124495
2000-07-10,6.919192436732827,22.8369845052028,17.969038419275584,-4.730426372159071
2000-07-11,5.231982863622866,21.900321165563316,16.819908349792605,-6.696554113961949
2000-07-12,5.522464550198541,24.320528512313626,18.540683396602496,-7.4279267665732
2000-07-13,4.859555298037456,23.74594392809156,18.406169431742477,-8.336992296877208
2000-07-14,5.770599493718812,24.151585368862317,18.051259230022907,-7.832353736469575
2000-07-15,6.754376982381215,23.470924372066545,17.60487895202258,-7.360368990685373
2000-07-16,7.191350385737769,23.48964716690095,18.180565476692724,-7.73184311844645
2000-07-17,7.443956097366832,22.103418531808114,18.105311221276807,-7.092189420459503
2000-07-18,8.453330332864295,22.425110987122235,17.421649870598177,-6.6418287043942
2000-07-19,8.836576525628546,22.478824945698495,18.026861944476657,-7.371113734384555
2000-07-20,8.467109304295791,22.651198058580103,17.78381137954716,-8.251733109736142
2000-07-21,8.543638998669538,23.12065625716279,17.973006095143273,-9.314064806842737
2000-07-22,8.466451591636508,23.944011561796714,16.45854031165601,-8.484721149704995
2000-07-23,10.571365054703959,23.486447489419866,17.249318075286027,-8.129200537486176
2000-07-24,10.104214157826561,23.235764956496396,16.62949540158945,-6.685194048772293
2000-07-25,9.927736618766657,23.122543734681596,15.749556850774939,-6.238601555984512
2000-07-26,10.533032677114566,23.829185386871128,12.763710373310238,-5.972470427871227
2000-07-27,10.439342244008056,22.993366962764473,11.358670436173181,-5.705381788252082
2000-07-28,9.245221309989764,24.518958084047437,9.281643045135162,-5.357651341676653
2000-07-29,9.379982219611476,24.93648276279591,9.613795275139667,-4.884885080362438
2000-07-30,8.544408961652191,24.422802731967163,9.3852082518275,-4.12569907805966
2000-07-31,7.424100900715821,23.735391476673428,10.65158042111176,-4.742184810188171
2000-08-01,8.3046107470881,22.533330502930546,9.541773702869454,-4.196234142591798
2000-08-02,10.936491531760499,22.12685475854419,10.362198663173563,-4.883039084037551
2000-08-03,10.652386177918117,21.713550413622304,9.599200705258635,-5.3153350117627465
2000-08-04,10.141088667067793,21.965045319620423,9.847546040490192,-3.339648660727403
2000-08-05,10.813363272145827,23.209233379437606,9.514830327225479,-3.314556093884852
2000-08-06,11.405482714855742,23.228431707332973,10.72519876985412,-2.8074555728138644
2000-08-07,10.875570837545562,22.26331468222158,11.114894047027954,-2.6709471287622386
2000-08-08,12.223005380034296,21.523494677696053,11.934774158800133,-2.432461831721171
2000-08-09,11.707601409821985,19.7926546529061,13.015840364843509,-2.9515824559212414
2000-08-10,12.374713671324974,19.140322292013185,12.485309512767262,-2.1729427152596643
2000-08-11,12.495169428636574,17.550519530693315,13.297433974191412,-2.288730885483935
2000-08-12,11.801837224706297,17.29960033592718,12.290818047932252,-0.4015694626408479
2000-08-13,12.832477155789764,18.50642338272165,12.494794422922496,1.0290405770489346
2000-08-14,12.416703209553583,19.922558111792465,14.598475480055653,-0.5799364856256746
2000-08-15,12.561680233498171,19.93466155154171,13.17001163538839,-0.3403067628372387
2000-08-16,13.248413076106903,20.500499278377152,15.224078196934466,1.3704935529550584
2000-08-17,13.089405603630581,21.710766070610486,13.813629623926612,1.2701903929113885
2000-08-18,12.861290688837034,21.270223732903638,13.821387344716285,0.6877177755512079
2000-08-19,13.179227870482125,20.71310599104812,15.378807541577515,0.34794396003081207
2000-08-20,12.709705396401795,19.917091477008277,15.679220048876864,1.6538733932466307
2000-08-21,12.166226489801101,19.22200427569061,17.486123226972058,3.6795977266181477
2000-08-22,12.448028812792018,19.178287037218908,18.165372515632058,3.6706594760791935
2000-08-23,12.66553376601762,19.637958857170805,18.26664004210751,3.809852403847651
2000-08-24,11.253560211478959,18.657117198603995,17.06551317522671,3.397419308021492
2000-08-25,12.004338868635458,19.007402672099158,18.099511441412304,3.3757541216337343
2000-08-26,11.066421736558748,19.712559297294824,18.18725706886156,3.7482256635213256
2000-08-27,10.023450716666433,21.244902432075836,16.44837953185102,4.10214784112048
2000-08-28,10.49694634250662,20.092317931687017,16.07785684690343,4.463747978797451
2000-08-29,11.230571654420764,19.50835285290085,16.501358784947385,3.8851533145066575
2000-08-30,10.952012354705861,19.622859733294717,15.733238874032612,2.135364062481631
2000-08-31,10.523401165815123,19.53644539387371,15.733679933469807,1.387878366354686
2000-09-01,10.311771538722054,20.902773181210353,15.100451554042564,1.9371124929418855
2000-09-02,10.791919397954125,20.886392530687264,14.094050425808389,1.8993998429201295
2000-09-03,10.30970409860721,21.214263823176413,13.866600913223628,0.6908908562110285
2000-09-04,10.808375246335087,22.61981039409509,13.585580648947387,0.7385799878601497
2000-09-05,11.191266923515947,20.706458040998378,12.867956448438202,1.279703402382199
2000-09-06,10.615953559436901,20.097980031964756,14.07420048842721,1.3492977426154082
2000-09-07,11.22406812555846,19.103439068003407,13.640615010188718,1.4212093076784962
2000-09-08,10.0962673083031,19.09287308726499,12.993302940076749,1.4923269880909753
2000-09-09,10.769259011301227,19.238212655508207,13.560279661324488,2.3697404635904786
2000-09-10,10.101333705579723,18.332980497707602,14.227587096057448,1.9362900412579678
2000-09-11,9.748538000935666,18.081205988147925,15.073041114392469,2.911877016527192
2000-09-12,10.59441533645636,19.547767150398315,15.681737918312955,3.095909882885965
2000-09-13,9.555279735980523,20.39753912664601,16.306944569749533,2.2962881032210496
2000-09-14,10.600525491090789,20.818770787797753,16.33221625933837,1.2237989309419022
2000-09-15,10.317271653565971,21.690081841371427,16.957582275918945,1.486584602328273
2000-09-16,10.459439007374025,21.046102974852683,18.412784133054625,0.4463626397731659
2000-09-17,11.389124178900472,21.466241233986853,17.24379769113882,0.42002934602714354
2000-09-18,12.145633209145466,20.87259526758643,16.80548870857605,1.3074464944687207
2000-09-19,12.84711688402405,22.35879831074955,17.156541675319254,1.575215961253549
2000-09-20,14.025748734426816,22.55821577082189,16.87639392959393,3.5424952244594037
2000-09-21,12.929073259238361,21.415294402673666,16.65868550888997,2.058154936463761
2000-09-22,12.929462353435381,22.762531045705558,15.830097215010264,3.0757089258840136
2000-09-23,11.486414646643086,21.16890531654185,14.619512678567137,3.3018332196623166
2000-09-24,12.615701045412694,21.644080411620106,13.247238001913946,2.909873698161635
2000-09-25,11.362241568427653,20.923347157122937,13.206763896946459,4.460894934064838
2000-09-26,9.252624661771076,21.041469238007856,12.607942405406982,4.664232513860822
2000-09-27,9.315724414078936,19.168645793851383,12.097474937333887,2.8278969806741387
2000-09-28,10.14529340383185,20.145568444615336,11.929021490002363,2.3809279533347025
2000-09-29,10.533883041553844,18.076967327886248,9.953005845348908,4.806932668065047
2000-09-30,9.570618340153743,17.896325724331398,11.64369943333312,5.775620361061104
2000-10-01,9.39276402731724,18.15102650301541,13.041614230110392,4.36882143476487
2000-10-02,10.88779703862155,17.22239658085526,13.168074439518705,4.786471492519083
2000-10-03,12.224821805472406,18.217166003323076,11.552440756831583,4.721388156765536
2000-10-04,13.51063951968276,16.70160453880675,10.729693143517308,3.3229338742466057
2000-10-05,13.7074367768636,13.98626383496332,12.286224034250449,2.341431918446464
2000-10-06,14.530628678536116,14.860391715520507,11.09153774957583,3.9525202351767765
2000-10-07,14.532402876776212,14.867731377986429,10.664001632990255,5.65105088309449
2000-10-08,14.588881892692918,16.526287048872575,10.482386849381252,5.944005271595578
2000-10-09,14.829717519298073,15.99048338924477,9.925076482749834,6.826460597588798
2000-10-10,15.104995180226837,16.233982917117846,10.809549340199764,6.237427940220197
2000-10-11,12.692072820956154,14.302092848909995,11.3845279993503,6.652348027209579
2000-10-12,12.052316501182878,12.242733238263684,12.074538055609406,7.255592096942519
2000-10-13,11.14363337210024,10.56191308015581,12.23813630184456,6.487742731897929
2000-10-14,10.691916775423325,10.131334090877514,12.43101907783069,7.082159508524181
2000-10-15,8.798103215427693,10.692867684287858,13.442936199019828,7.249566734076223
2000-10-16,7.62039607903956,8.840126689691676,13.629186529746912,8.47730129785062
2000-10-17,6.4456849056256615,8.327924350489265,12.670238545817519,8.784403497970102
2000-10-18,6.1531322022474875,8.29029756956567,12.900294085532293,8.395812053727521
2000-10-19,6.876556602672817,9.131230548479842,14.149263641201072,8.880581911832676
2000-10-20,5.361525966944863,10.384086619907135,13.900043597320119,7.243316617603404
2000-10-21,5.418760839742146,10.119623114630611,14.440908074896111,7.9882340250641946
2000-10-22,5.727336834971868,9.317528836077825,16.055331737098314,7.145948563236289
2000-10-23,6.590755435330311,8.279063163550976,16.79768447936905,5.8582561828215205
2000-10-24,6.16686997944765,8.519318987424455,16.490188373059052,4.406402139911702
2000-10-25,3.956901960018725,7.656709312905341,15.771165463808487,4.600909289703195
2000-10-26,3.311233890834898,6.259867759822558,14.376857581208526,3.3215162028959595
2000-10-27,3.2437319471812622,6.476156117597096,14.21091990635781,3.346441372723725
2000-10-28,3.005991484891213,7.664785805095886,15.003555826010409,1.8028367182625018
2000-10-29,3.313472303778631,7.072817438778322,15.361985701889436,1.2220965705527442
2000-10-30,3.119806454625034,6.975626167659725,16.132045059742442,-0.6724791618395063
2000-10-31,2.7172419024622845,7.009014153691801,15.581426195406744,-1.2621232907957762
2000-11-01,2.7265361962061796,7.890719162650301,16.64569145807917,-1.3478187033670386
2000-11-02,4.533847861833854,8.56670302859267,18.1643833154084,-2.0333697944937703
2000-11-03,5.107376133110057,7.72789608833055,18.311046465897725,-3.0009245200681844
2000-11-04,7.37919260162317,8.182327661527944,18.210022910889077,-3.616166237200802
2000-11-05,9.076622847560728,9.441471672689971,17.86514567822787,-5.064760098870609
2000-11-06,7.5995252013780235,8.673457709466748,18.423118286896607,-5.643274185560865
2000-11-07,8.013051134421918,10.082755903062095,16.721605820811956,-6.496043448594189
2000-11-08,7.416051218946658,11.152956402957779,16.64838107008456,-5.30452573135237
2000-11-09,8.301389245035788,9.648347002683481,16.67802161504482,-5.1933697665525544
2000-11-10,8.07074443476737,8.854690692067987,14.755140647784222,-5.738558720134798
2000-11-11,7.7845385657904655,8.721842148608186,15.075312035171041,-4.812230839318583
2000-11-12,7.635165660253454,9.265939582817506,14.42157630108029,-4.985907739674603
2000-11-13,7.351523157807826,10.644730887423265,14.066621534006522,-4.851357404487524
2000-11-14,5.718252806172473,9.798470039660867,13.660662857245294,-5.344612110436663
2000-11-15,5.934992164533303,8.537688003949047,13.237682284769415,-4.732490333966303
2000-11-16,7.613840803429725,8.58121430766767,12.284303022752868,-3.633024618549026
2000-11-17,8.1918812365978,10.150136802833952,11.840176824456742,-4.726611052671884
2000-11-18,7.400145026913089,9.62819304717318,10.948696429664048,-3.6112772124804495
2000-11-19,7.9362054240611135,10.324005242497279,9.362813211963639,-3.384149704403388
2000-11-20,8.019842780840882,9.106222685482095,10.768105326113199,-3.3056052074410562
2000-11-21,5.927263226519173,9.263426635963665,12.43941776944433,-3.909397654412074
2000-11-22,7.560706099049356,9.06320372666208,11.71921847883021,-3.748866375325637
2000-11-23,7.387359165288263,9.19756521832321,10.205726145057998,-4.818008457908521
2000-11-24,6.726995811349406,10.629518157049132,11.558751462164057,-5.829913500953754
2000-11-25,6.054542989700657,8.294896560787667,12.260895179124518,-5.9399301483533975
2000-11-26,7.978812920871568,7.6374366597723515,11.50776510001405,-6.530058195896968
2000-11-27,7.036644363460835,8.678775293044174,12.156307122814301,-6.790103156175102
2000-11-28,10.102810673503333,9.243555406324656,12.162426986657763,-6.810129911219174
2000-11-29,11.074951167863393,8.744120738276907,14.101912871933004,-7.879824111560244
2000-11-30,10.861467852790096,7.144212211977371,13.488863969363562,-7.15872259175117
2000-12-01,9.900977591454346,6.261433201374286,13.234037057956082,-7.715426001367975
2000-12-02,9.72271177726563,7.695268746902887,14.291911884277653,-7.024026902933255
2000-12-03,10.197810874562316,8.00742349664428,16.82094657234427,-6.600180306582243
2000-12-04,10.932977557460132,6.719895458916835,15.18551548688352,-8.351041625643692
2000-12-05,10.125853445244628,6.765862616420814,15.076361587478978,-9.159259495731042
2000-12-06,8.982156979541605,7.6274066403354945,14.624666230674212,-8.904750121297678
2000-12-07,7.984028782923487,6.382144032020031,13.730565032076047,-9.863723694761266
2000-12-08,7.106943716873661,6.9968995491448815,13.732832375397567,-10.400713073060142
2000-12-09,8.013448732855592,6.869736738599996,11.437096310052976,-10.511592273692907
2000-12-10,7.866798905923816,7.192623102447797,12.712176284957671,-11.331921444366385
2000-12-11,7.9560598983629145,6.682064055215147,12.5778351388939,-10.366712467464904
2000-12-12,7.64883171476116,5.926858703423611,12.37357940156172,-10.145382836857925
2000-12-13,9.029551004070605,4.750144535257503,12.213282118195046,-10.010281954202025
2000-12-14,8.829880473360463,5.088667375406404,12.636073872355851,-11.174746596717053
2000-12-15,8.478324500952574,5.684805302932647,11.922122903112662,-12.662897507941564
2000-12-16,7.407203157192967,8.072383649711462,10.757481187261634,-14.621830367662573
2000-12-17,8.325395133783873,7.864304211192709,9.77350984241976,-13.084832349766247
2000-12-18,8.807537030291016,8.122010330568509,8.682242729143159,-13.073634230039149
2000-12-19,10.643634056265302,7.243379869357593,9.114844562808162,-14.195216271532749
2000-12-20,9.403498198738484,5.292007387128606,9.045434697649481,-14.996728965513103
2000-12-21,9.958339693463026,4.143496571068457,6.832083073751193,-17.678704222027605
2000-12-22,10.895024910009058,2.9403286769332553,7.013925526050776,-18.056516003271305
2000-12-23,11.164835371728635,4.043623828705322,6.871345667957895,-18.434742119081168
2000-12-24,10.927070265724582,3.008574325468042,7.710562103055996,-19.941651346495362
2000-12-25,11.8977760815717,2.838061840607511,7.567870434241723,-20.819133474725533
2000-12-26,11.164896370870828,3.758636340892343,9.078503248728804,-21.892768829799657
2000-12-27,12.92756746282268,4.23790104826989,9.901029625301913,-21.701803856092596
2000-12-28,13.870212939570523,6.303454103646164,10.541593978159026,-21.789728803327286
2000-12-29,13.87575734491026,7.220016401662383,10.242282980006761,-21.729144876436184
2000-12-30,14.421322626186376,7.320909444211298,11.07847300051727,-20.028457963494592
2000-12-31,13.117805511398675,5.576921978605407,12.015043265502085,-21.546614378001216
2001-01-01,12.569521504299917,6.320614974737202,12.644164261818513,-20.95574875977542
2001-01-02,12.8643091065875,5.392062119586407,13.833676835707294,-22.660782450009158
2001-01-03,12.515069472832419,4.850347930918967,14.518214700338723,-24.131428610748333
2001-01-04,15.758704004175966,3.554260888911158,12.3563562795764,-22.548566757788386
2001-01-05,14.065832404939568,4.386829625253913,12.522950422735933,-21.974539070879022
2001-01-06,12.237469981639084,3.789366624266208,12.890310025181654,-22.86960037797136
2001-01-07,14.20026304639952,3.150232811348203,11.83083698819771,-22.552611969918473
2001-01-08,15.01206185978657,5.23865444221072,13.111567646198756,-23.911512077580905
2001-01-09,13.984070396167771,5.2811213855037185,14.476032312939049,-23.99519977555217
2001-01-10,12.234810467676123,4.214832078303677,14.775130586464904,-23.789407880055773
2001-01-11,12.69066720371685,4.404568697139429,15.869144654297795,-24.11886103533893
2001-01-12,12.060650987695883,2.7741607121809997,16.423370819957658,-24.034974094905046
2001-01-13,12.231884402500814,2.8442143036810412,17.86915468723797,-24.3119998782044
2001-01-14,14.085514486422921,4.261566273671654,17.279224453764588,-23.247665108123222
2001-01-15,13.890274328915659,5.712843286099617,18.06309596401308,-22.672433134351067
2001-01-16,13.324804513692401,4.37359247904244,18.743552104473743,-21.070920145400578
2001-01-17,14.02072870302629,4.6766220322086225,19.436159238923793,-20.834225252232258
2001-01-18,13.281158665662119,4.028635378450011,19.551391217695656,-21.231436601056423
2001-01-19,14.019555836384187,4.6890612677082295,16.743584475202113,-21.28047104819794
2001-01-20,13.756510428340288,4.446016574386895,16.87263574178752,-19.691283155457022
2001-01-21,15.409977337140187,5.284898182615034,15.692256627191375,-20.53213795171139
2001-01-22,14.032557764579465,5.859599550846719,16.904922889939513,-18.074695213354637
2001-01-23,13.002468421987254,6.296590235204242,15.305712937422204,-18.36139169671782
2001-01-24,11.45522735918092,7.483779110235431,15.887808418209673,-17.380919758390796
2001-01-25,11.2187730235294,8.266248675784599,17.536182364392698,-16.58046207613649
2001-01-26,10.566671344174773,6.860496838371217,16.859610188699104,-17.353888331412332
2001-01-27,11.477835564168686,6.169104464142012,15.897130852749209,-16.893057656712998
2001-01-28,11.920955756944805,5.821858934339085,17.661031911301833,-15.666643420188471
2001-01-29,11.286235475682663,5.068995331725129,18.547459115387802,-14.892487315530222
2001-01-30,9.532727269453327,4.611593876445415,18.533907386393775,-15.55780013257102
2001-01-31,9.001049044593328,3.611733182171206,19.98456128470682,-15.51066229059307
2001-02-01,9.601643782414929,2.604029722667815,21.66139516437813,-15.251045315783204
2001-02-02,9.313368867429269,4.851742092942221,21.900364159742995,-16.321658798658785
2001-02-03,9.200690254357976,5.20999259782228,20.934865143550645,-15.065151480556672
2001-02-04,7.257583208593685,5.03577366175603,19.794535461083104,-15.75584632044257
2001-02-05,6.841165908582473,5.292885850981815,20.61740256965493,-15.762137350425034
2001-02-06,8.542710936459422,7.016071870775054,21.29275569287764,-16.84399124334655
2001-02-07,8.258285941324436,8.698117562828935,22.84333382505811,-15.569739365660359
2001-02-08,7.645720943341492,8.104109184627653,24.30209541471793,-14.297084776679057
2001-02-09,8.879306937582609,7.107598509518836,23.919257988384402,-14.037977000255411
2001-02-10,8.719805688283717,6.02614642459343,22.998278544702963,-13.983733142911609
2001-02-11,6.984818156467725,5.324107121443275,20.939042202901604,-14.714475827199356
2001-02-12,6.903409123092327,4.710420191459023,20.22637759157405,-15.029123923388747
2001-02-13,7.422284673570118,3.9600108561997645,20.59379658752332,-14.252589649445587
2001-02-14,6.700699860037423,3.290389404098551,20.469755808262782,-15.163525465816278
2001-02-15,4.927316518129523,2.9017393557400633,20.65750107720768,-15.278131713334506
2001-02-16,5.906938953457059,1.9104504020512685,20.460782022748536,-14.55435659517289
2001-02-17,5.041763925074017,0.7297103024485385,19.76610091780686,-14.210474639202983
2001-02-18,6.347959469720272,0.9550586957845688,19.891883540830474,-15.349911051540449
2001-02-19,7.194083594469911,1.7170756148173694,19.836599379716045,-16.194931584439264
2001-02-20,6.295275042974668,2.9743822907031183,18.848541381383946,-16.174148682020668
2001-02-21,6.169898599849458,3.4234608346101068,18.962328851324312,-18.818422623983675
2001-02-22,6.588232329756633,4.809275471760131,19.963935780866976,-18.306755327568965
2001-02-23,8.027492878892884,5.929148565164696,18.04141196165076,-18.44673966386596
2001-02-24,10.822192052299844,5.030112233266552,14.723616967402817,-19.992965549112217
2001-02-25,9.555928118647085,5.245142369833626,14.840898925649507,-20.245037143023005
2001-02-26,11.365547278323032,3.888406919310161,15.829191936766364,-20.45395834153117
2001-02-27,11.310177230061239,2.430906745678114,17.071506746309865,-19.874780964385593
2001-02-28,11.730471807034158,3.3922193343704685,16.72480852170662,-22.19779369164803
2001-03-01,10.704214889595486,2.319154100585374,17.27476214987148,-20.889161488249915
2001-03-02,9.679825239137362,1.0483597712795165,16.52946025275444,-20.90377260731108
2001-03-03,10.114093710745305,0.18268679082306571,16.340661510325,-19.990262471938912
2001-03-04,11.295203487380823,-0.5749767400793373,17.192391806464496,-21.512005460571057
2001-03-05,11.03844786280082,0.07200839652815838,17.73159095515484,-20.714111897545216
2001-03-06,10.641705600233191,2.1403780536852572,17.83652093085479,-19.425586693106066
2001-03-07,11.340441175644164,3.902958822863401,18.631953179136065,-19.7438426829809
2001-03-08,11.42621597290847,5.064877030231058,19.32363564446145,-19.584885515313164
2001-03-09,12.537219390862663,2.678430386216682,20.383240589084707,-21.14869257119428
2001-03-10,11.952245430225673,1.914108936304872,19.766617749278332,-21.72401447670979
2001-03-11,13.36762108741851,2.4395299566093946,20.024816444340107,-22.170719066813874
2001-03-12,13.275089586223144,2.8425876108871924,19.000844147836624,-22.377489980374737
2001-03-13,14.559011016711953,2.207391572082015,18.12280900594292,-21.139655418899284
2001-03-14,15.04792054248822,1.3258016534188455,18.81975868005935,-20.441380148821036
2001-03-15,15.507889299699597,0.8876300877027512,19.788288019446572,-19.927283963676935
2001-03-16,14.73192415353048,-0.331191386811416,18.05504277521926,-21.169449422580787
2001-03-17,14.501724018560262,-2.814168895027862,17.845071548262,-21.957884596969258
2001-03-18,15.544667426255446,-2.6028207941965578,20.86329910307383,-22.072486030887646
2001-03-19,17.15195795838551,-2.594194927797117,21.708527383238934,-22.468184820526563
2001-03-20,17.222240976576447,-2.163432948691751,22.218459718714406,-22.373049757973586
2001-03-21,19.012548220527698,-2.4397337983211536,21.32776067020493,-22.66625879581992
2001-03-22,18.935325758700497,-2.8818123779674862,20.846033277142382,-21.407056281920863
2001-03-23,19.517272077685256,-2.284644576364317,20.408100069106684,-21.322421379898024
2001-03-24,20.256017593644273,-2.206541477919842,20.786800616773366,-21.613830875778287
2001-03-25,21.005918951061393,-1.5301006441765739,20.70932324968988,-22.237617882333904
2001-03-26,19.756343521215687,-0.9122106471918224,19.39054710226821,-21.97608135773692
2001-03-27,20.526085953700772,-0.647278135592552,18.779980678078037,-22.24368868346355
2001-03-28,20.632342647386412,-1.7520736788749391,19.34131912027647,-20.092702750571107
2001-03-29,20.37677384976195,-1.7095525298960157,20.775126919748065,-19.471030183176545
2001-03-30,21.242231060650624,-0.9675539817396587,21.61219243142899,-20.740308903097283
2001-03-31,20.292495030970624,-2.7346357451973793,22.240225077153998,-20.35328194995304
2001-04-01,20.231393501438905,-2.0402088501378244,22.16498787326212,-18.885496086939934
2001-04-02,19.048713396989033,-1.8136356084189476,23.971926315976052,-17.81868663797691
2001-04-03,17.954959680247523,-2.5578361733212907,22.393672282067833,-17.597186041415007
2001-04-04,16.601601677645903,-2.2316819657238294,23.254367897845565,-17.708718422303953
2001-04-05,16.562315475261524,-4.488477712496435,24.00942465244755,-18.17851000845262
2001-04-06,14.587729169073588,-4.871161500756708,23.63629304157112,-18.31810266756912
2001-04-07,14.411931656385873,-5.25576363819812,21.241843889056955,-18.142457622991742
2001-04-08,15.940262378562892,-6.9343176995626905,20.98966211155267,-19.100529822163544
2001-04-09,15.858552041837726,-6.244100467923422,19.270920187057012,-19.50126049906971
2001-04-10,15.462706907722755,-6.021376437355184,18.838338898030226,-20.9999804523195
2001-04-11,15.067499021806778,-6.953838491658295,19.33297523241332,-21.399147045238845
2001-04-12,14.373583211182874,-5.725498967062942,20.47441525804244,-21.689085462353862
2001-04-13,15.0552846251867,-5.740461398348491,21.004589846873255,-22.27123370405669
2001-04-14,16.666728194982724,-6.201517496802128,20.635541728644526,-21.148878837455253
2001-04-15,15.702722711583348,-7.7067815710672525,18.566551350465833,-21.764501251405967
2001-04-16,13.971825779406824,-6.633446613608182,16.765534023725998,-22.72467401965713
2001-04-17,13.668559104379959,-5.194663648978305,16.669049881501707,-24.546332854760553
2001-04-18,13.213246242181361,-6.035855861748951,17.396769905077708,-24.8302273031319
2001-04-19,12.953221033761345,-6.157236736282262,17.498979049441836,-23.2609154587387
2001-04-20,12.489149987023229,-6.141602730029181,16.425901901796806,-22.60405479735847
2001-04-21,12.815037628564527,-4.524800977727697,16.857193820266993,-23.4998994260325
2001-04-22,13.870493903695682,-4.177360985928875,16.029573696634632,-23.04893326168591
2001-04-23,14.34103379235805,-1.513301377125277,17.998564770230452,-25.431919211574396
2001-04-24,15.405282674024482,-0.9651882983664816,17.830062174057005,-25.940849700039212
2001-04-25,16.93775475273284,-1.6915148388849301,19.2234363210698,-26.626465967555564
2001-04-26,18.851103386410465,-3.242061068945035,19.371191287054316,-28.183595683080195
2001-04-27,17.41748239546768,-3.988028555513106,17.70864059252672,-28.977560446093513
2001-04-28,17.632107318955722,-1.2543380411886575,18.161309426189828,-28.097045279419095
2001-04-29,17.35625397772819,-2.8470630095335183,17.029402724752813,-30.27629419336928
2001-04-30,18.531810019961966,-4.921204152555769,17.721288303733402,-30.18806581860208
2001-05-01,17.89516050023869,-3.8473059757785384,16.343614105962953,-29.162290366461928
2001-05-02,17.172577359434513,-3.4178639921429776,13.792769893871426,-29.959049454443612
2001-05-03,16.431710548014948,-2.640167539086244,11.769700060656678,-29.692258939380583
2001-05-04,15.330670005488505,-3.2685549688463897,12.591223935523637,-29.010056277115446
2001-05-05,14.128382360495236,-3.2180641317073104,12.498406642794967,-27.903350071009523
2001-05-06,13.77873479021277,-3.1063598157521146,13.208623971443862,-28.69918906404498
2001-05-07,13.653227473887231,-2.9330817932678586,13.226036474546145,-28.171561178923657
2001-05-08,12.685858554486694,-2.839930005893205,13.631010129364832,-28.261548104113988
2001-05-09,11.001403333131233,-0.4180491298420783,13.632508285735724,-29.05212992742127
2001-05-10,9.280123269074291,0.3527891943757422,13.003146783644837,-29.81081955967938
2001-05-11,8.741765378325216,-1.3790060756059856,13.162955094588604,-29.458942801730096
2001-05-12,8.52782755263906,-2.340761891199834,12.563108106537847,-29.325298125600767
2001-05-13,9.063298408041618,-4.397982016185569,12.806541430312778,-28.800750380015625
2001-05-14,8.189828431593373,-3.464512377170477,15.696126610097163,-28.999514943419975
2001-05-15,8.314288562909638,-3.0441716613959118,15.834984491219325,-28.774562010550692
2001-05-16,6.957525617840286,-2.020969226939516,15.506588249253365,-28.122496841072586
2001-05-17,5.474975681902677,-2.9351672696748525,16.45332206231544,-27.18921538124114
2001-05-18,5.130377148269773,-3.9374784225114343,15.12085932334633,-27.13187928829391
2001-05-19,3.2801065273148855,-2.696593761486523,13.723000979274818,-26.88777956742978
2001-05-20,1.6560455967790002,-1.0810056344777341,12.522617506708427,-27.026465839729877
2001-05-21,2.7449587043544077,-1.0442123289383167,11.877695005003481,-27.198941033765752
2001-05-22,2.652092458322902,-1.7940803637026526,11.316585168840497,-26.361147384661166
2001-05-23,6.035148316200337,-2.1477585494514635,11.771063691938188,-27.43126482280195
2001-05-24,6.032396042516169,-1.4502727002231497,10.529764233465109,-27.544300243818814
2001-05-25,6.223612471704705,-1.703338046227201,10.097884516984067,-28.07460673520503
2001-05-26,7.741630489703724,-1.4724951844827228,9.659629352069318,-28.886069731235764
2001-05-27,8.241828943942071,-0.17636658948806794,9.38096287534861,-30.141178642502464
2001-05-28,7.75440602183638,1.0260768818893258,9.2811682368308,-29.96275810581511
2001-05-29,6.930979409848334,2.34689983881897,9.331486666416074,-27.832508504081233
2001-05-30,6.9488323550081175,3.0596245823872246,9.728990810706623,-26.23494223251083
2001-05-31,6.326061881193508,2.967254061179692,10.01884453416405,-25.943140958548053
2001-06-01,6.231955516545245,2.900124671757367,10.281599331619828,-25.940565713773868
2001-06-02,5.630415752992835,2.1826838071663097,10.053454181128897,-27.540857461339627
2001-06-03,7.913650532228902,1.5356635928484945,10.584881155607441,-26.938672416386616
2001-06-04,8.331157960352522,0.6642562369770822,11.193810785084604,-26.24816444028238
2001-06-05,8.648614609662214,0.4541556827600227,11.936445717067421,-26.34962054080611
2001-06-06,8.660556737690506,1.0184596457563537,11.711036800646163,-28.01629719725066
2001-06-07,8.429619577406958,1.2104068047978538,11.986914371677416,-27.71876737248333
2001-06-08,8.65341434988986,2.744558254272855,12.011553292776316,-28.534054129955674
2001-06-09,7.549066187104006,3.548337418736436,12.946427197902693,-29.998149133783784
2001-06-10,8.549822193548888,2.9909275488045637,14.463769817358926,-29.706336871064522
2001-06-11,7.968596028245681,2.6267290284599643,14.918872380803728,-29.18107786463604
2001-06-12,5.571179207757988,3.052759016390924,14.989445225347431,-32.82767242149633
2001-06-13,5.607145628707651,2.073287314034636,15.29716385583334,-31.390302958015134
2001-06-14,5.246767290945055,2.3869749945534107,14.082607401937201,-32.45559527676349
2001-06-15,5.09799882045798,3.6790263001554657,13.916355548422061,-32.391917654788685
2001-06-16,4.733183997045641,5.218420102831898,13.402603806483281,-31.821105133083208
2001-06-17,5.705169738253713,7.309585400833617,14.870409413022958,-30.990029019630164
2001-06-18,4.006585182967391,5.996721111388448,16.366216041035948,-30.466277781738018
2001-06-19,3.177240524033972,6.67934123663494,16.505173214571332,-31.748099747264277
2001-06-20,3.7221183681771253,5.260803934803949,17.124019730126385,-31.23702547102092
2001-06-21,3.4956733044802437,4.440806048672769,16.934537538503456,-31.941933005176526
2001-06-22,2.00073022136497,4.923052474864768,18.23539074177354,-31.67861006236467
2001-06-23,0.6197859029092156,4.8931793678931275,18.96446420236943,-33.372644797256065
2001-06-24,1.0852863327361804,4.695107912819184,20.402848479657667,-34.24352448193683
2001-06-25,2.3652724475956166,3.791560744222107,20.026998708936972,-33.248813659988826
2001-06-26,3.2000282762565466,4.43124318955593,18.62938059091493,-34.60555717328597
2001-06-27,4.210255508083756,4.78955683097998,18.573800382694152,-34.68796814555671
2001-06-28,3.2138753398695905,4.800749900023262,19.277625130169515,-34.511347925102335
2001-06-29,3.1802187304118488,3.8222636457873866,19.14314475223665,-33.4912913055692
2001-06-30,3.378584067131629,5.373418542320507,18.644868413437585,-33.67739344202044
2001-07-01,4.152256521576751,6.799591221267497,18.13356322947226,-34.37849686530198
2001-07-02,4.865313040359219,6.11122288906212,17.469233963764275,-34.5373974158024
2001-07-03,6.02046344535983,4.800505710561671,18.4602462246977,-34.04510984587033
2001-07-04,5.129058142262253,4.962695170832508,18.58261601896435,-33.27103387398081
2001-07-05,6.662702911137225,4.488546030692972,18.767995136321353,-32.333861259809396
2001-07-06,8.614976260017038,4.094465443876603,19.750321643867743,-34.229786735205494
2001-07-07,9.267975523754675,5.010387012594972,19.336330345469637,-33.7872812775634
2001-07-08,7.9820450267895655,4.253851285495366,19.573680002683528,-33.265331816036415
2001-07-09,5.576632804251245,5.377115304733755,18.386188641266774,-33.31537429792033
2001-07-10,5.193204404789216,4.955392424885679,17.29551209860593,-33.38869157553965
2001-07-11,5.043625961107209,5.393779728161898,18.069405257852285,-33.08072884485051
2001-07-12,5.706044389574053,4.500492462855698,16.34032788670286,-32.389994824825195
2001-07-13,6.102681892299462,3.9187643429353214,17.54254317316166,-32.72027306968436
2001-07-14,6.282750765437795,2.50343388864476,16.935862540791145,-33.87399278723012
2001-07-15,5.401103882678669,2.0947906700277947,17.29233305082062,-33.740187824803044
2001-07-16,6.390444034960081,1.9294558513582865,17.078675497482273,-32.87386812680551
2001-07-17,7.10569187563469,-0.6907321956812664,15.192199526588361,-32.97366468022666
2001-07-18,5.989383669932737,-1.9025427548480016,15.118025539824803,-32.67607351375161
2001-07-19,5.141184412669917,-3.610181626056036,15.271268125647557,-34.05345307850993
2001-07-20,4.316336601438754,-3.601960881307051,15.613281367710053,-35.99956455436003
2001-07-21,3.7683963325553678,-4.663332664542231,15.88281013901455,-36.016183989403345
2001-07-22,2.9004476678934843,-6.001428180011926,15.244058638946338,-35.92904449485998
2001-07-23,4.0310498577061855,-5.089345171134851,16.78748757253192,-35.596086080173926
2001-07-24,3.253290094593757,-5.576915628447936,16.722538417653396,-38.191960021886594
2001-07-25,5.0467696127218655,-5.853562036160813,18.0525552754933,-38.09155420711828
2001-07-26,3.8148692361017407,-7.83242372796342,20.145855691727412,-36.51519837233911
2001-07-27,3.9284592739118374,-7.82439095631518,19.618567315803336,-35.67346367389823
2001-07-28,2.70144117954971,-9.84607991042387,20.559385651246263,-35.60108551063717
2001-07-29,4.467193757646193,-10.243267272342433,20.391168506860033,-35.37822854982692
2001-07-30,3.0132762748402104,-11.803287051624201,20.128479430944314,-35.08980300091025
2001-07-31,1.485126534674598,-13.640627838746683,22.83684425534132,-35.28267510017053
2001-08-01,0.14006520052988192,-13.629581284571389,24.104248634557152,-34.827211507162154
2001-08-02,2.354165684316206,-14.223105336594754,23.143423874908095,-33.988561162381174
2001-08-03,2.2761633871973523,-15.451083130531574,22.554784389856287,-34.33435602911217
2001-08-04,1.48175900337591,-15.448351747416178,21.837844553095785,-34.89999142118713
2001-08-05,1.5085222829146756,-15.055885409391529,22.656900252816648,-35.137168568797556
2001-08-06,3.3786561259373658,-15.046444131955827,22.212272564716326,-36.67037157965539
2001-08-07,3.9488511769648564,-16.127113342830935,22.520437410601456,-36.40085403418346
2001-08-08,5.2952733416733455,-15.946899248070816,23.711393297860095,-36.69686931233592
2001-08-09,3.9271625093499454,-17.098538256180888,24.456068273676625,-36.420962349832756
2001-08-10,4.56590741073382,-18.367595012945426,26.423040532925604,-35.51444418467886
2001-08-11,6.037848432063921,-15.527881606686924,26.20370891468631,-35.48272300471047
2001-08-12,7.056816602069884,-14.577518391931957,24.90923053366291,-35.08213757517566
2001-08-13,7.485083181125401,-15.860435640710788,25.03088921705993,-34.10952128027928
2001-08-14,7.01963375299475,-14.321533662686926,25.204514012859235,-34.27559504895321
2001-08-15,5.75938163560909,-14.312961518278888,24.897203796336626,-34.016168280709216
2001-08-16,5.164459691127369,-16.156810935908585,24.487538559179978,-35.19235401534014
2001-08-17,5.212169437891547,-17.27137093632684,23.19596372386986,-34.40801068008033
2001-08-18,6.254360114140213,-17.097056134898548,23.593628831911236,-34.69295089442391
2001-08-19,7.0337523801456125,-15.917861784615603,23.258949633244217,-33.68504059396688
2001-08-20,5.770936949720866,-16.566574926270118,22.348168841827523,-32.36519640906072
2001-08-21,5.705365529965447,-16.645391443810524,22.57410452854807,-30.904618070441856
2001-08-22,5.420334977439179,-15.981023860321196,22.447343361926485,-31.011656822564643
2001-08-23,4.227050376636452,-16.019571584890517,20.565774002913138,-29.375861232632605
2001-08-24,4.167229605206746,-17.500339679776637,21.07649315334098,-29.896371525875903
2001-08-25,4.147623242199688,-17.243808329238583,20.255041511717476,-31.96583384756108
2001-08-26,4.4242529701201905,-17.496392146031425,21.376191570074326,-32.11491939415348
2001-08-27,4.790706732452994,-18.6176502303293,20.56834342523726,-32.34208974863682
2001-08-28,3.723357919001394,-18.708345075013195,20.293760152851757,-31.721876202903246
2001-08-29,3.1507127119722456,-19.340038655207348,19.005919671564254,-32.68848580640812
2001-08-30,3.104795930475103,-18.972512422445554,18.731783780312593,-32.9094049039987
2001-08-31,2.5874494000392323,-18.403866466181032,18.84569504395243,-32.9339170897468
2001-09-01,2.0070750982853904,-19.34234307681515,19.76991417913581,-33.44059288947195
2001-09-02,3.3872757276648198,-19.243420834561807,20.25258063103372,-32.0821682093074
2001-09-03,4.216226543548528,-21.27628436915647,19.16019725999714,-31.681361788597403
2001-09-04,5.226993349394389,-21.642906750296486,17.98003678527018,-32.36055058386798
2001-09-05,4.3126081093312925,-22.945090117509867,17.95927140414158,-31.751723065058016
2001-09-06,5.6482446325676925,-21.70918535705185,17.817943252333443,-33.19994881432265
2001-09-07,6.004991675003323,-21.184546533465376,16.736743782510967,-33.1422031680774
2001-09-08,6.155095628546489,-21.91514127102193,16.828283387744104,-33.52370391247177
2001-09-09,6.727945059638204,-21.82279413148859,18.22251505555941,-33.205725736948914
2001-09-10,7.01642108690816,-21.071138887043283,20.551285446069603,-32.96355834998744
2001-09-11,6.48854564707237,-22.072415684224037,19.47448259226545,-32.58843362707172
2001-09-12,7.755919977688458,-20.728668150754107,19.06260416728719,-31.765921053491937
2001-09-13,8.936416795257482,-20.10536884000347,18.297875075946543,-33.38170214569052
2001-09-14,8.510810573869387,-19.686875014437188,17.81421504697301,-33.58957958238309
2001-09-15,8.70519923458381,-21.159165623035236,17.46763896191266,-31.419988637561616
2001-09-16,7.812526277268079,-20.653617416743543,17.471875120125787,-31.162312045103633
2001-09-17,6.930370998204005,-22.19936519394947,19.021771924948652,-31.957818225685596
2001-09-18,6.985393197192493,-21.18390168242647,20.120190204038828,-33.92317255556598
2001-09-19,6.794697295287587,-20.325843327223115,22.28001750785802,-32.97179097171835
2001-09-20,5.871833038465163,-20.14267655665486,21.974685786876837,-33.544993273223156
2001-09-21,6.100548513106651,-18.675428559790408,20.598744564441457,-34.44698419054126
2001-09-22,5.672366973371572,-18.427501128175887,21.674203242970147,-33.4352424377518
2001-09-23,6.134313220440582,-19.12469601470471,22.57476317505396,-33.97541827642155
2001-09-24,6.075386983473923,-20.458213637380513,23.383274377740143,-32.402373349046684
2001-09-25,5.385776905590432,-20.836847044915167,22.10202427223058,-30.52025070244809
2001-09-26,3.477624877028843,-22.65152369435188,22.82814117874979,-30.146192885938124
2001-09-27,1.5131267974880667,-23.238585941926708,22.00924478895516,-29.860432477615234
2001-09-28,1.0666478083218072,-23.50630312426701,21.38963891145927,-32.50392174476261
2001-09-29,1.6669601464076762,-22.99801249664951,21.76753547294185,-32.03119633362676
2001-09-30,1.1884560133354474,-21.43843875427047,22.708620480634554,-32.68539884836222
2001-10-01,0.7979716274580853,-21.933747502850682,23.156814624767794,-33.70999124369042
2001-10-02,1.3232596834345987,-21.91150915002049,24.89981553517212,-34.822668503089204
2001-10-03,0.8178853972858737,-21.288576908476166,26.078790826566518,-33.2716404850877
2001-10-04,2.739557788831129,-23.421524534920195,25.080556557586625,-33.55021528208242
2001-10-05,2.499372284957282,-22.76302556518397,23.696280766320374,-33.77486885399928
2001-10-06,2.0735181162302645,-21.833204837580567,24.5414333530628,-33.464105209654925
2001-10-07,0.6795220680207124,-22.396358058218656,24.538598873909965,-33.46427632363956
2001-10-08,0.7891047882349964,-22.98688654794592,23.96986582458377,-33.22176533154738
2001-10-09,0.9199407473078693,-22.845798496643493,26.52891400885565,-34.12978288451563
2001-10-10,0.1664588075925395,-22.061667677801253,25.14065252118149,-34.59460564692541
2001-10-11,0.4423382023130004,-21.111298090943183,25.878280216895046,-33.59570514169273
2001-10-12,-0.5878070464754652,-23.603538530374028,25.468499508971625,-34.863752759550245
2001-10-13,-0.854366962694819,-23.63449025570641,26.409279203294506,-34.30111504382628
2001-10-14,0.12466634896199591,-25.43496947847147,27.846473356116633,-34.91052331722603
2001-10-15,-0.04350782580907267,-25.65185613894706,28.130771792798413,-34.45382459029625
2001-10-16,-0.5396614872592506,-27.703291356251597,26.273486373966904,-35.930096282786465
2001-10-17,-0.8574480599174263,-28.45302592970789,25.125476926510075,-36.01991079871448
2001-10-18,-0.5460462843004967,-30.527179152301454,24.840495306089714,-36.11242050447922
2001-10-19,-0.3312568451789756,-29.97461702648514,24.871600358595057,-36.52223751549235
2001-10-20,-0.9303730901152719,-30.65420341472221,25.103896670683202,-38.307551556092
2001-10-21,-1.6816313570761543,-29.16987895733618,25.94247115562822,-36.68796571145615
2001-10-22,-1.9219696935087547,-30.183522556244483,25.385254119936917,-38.04785152249922
2001-10-23,-2.9375832048107453,-31.68655606265111,24.935302850344307,-37.85909003958149
2001-10-24,-3.0568196847865803,-31.405993368194483,24.47776283743478,-38.52689948817161
2001-10-25,-3.6740330667533376,-32.4041088359941,26.23517360444297,-37.47656121644082
2001-10-26,-3.54815114778712,-32.579689594293285,25.853554849606073,-36.645349080441655
2001-10-27,-3.122415128570928,-32.77306611050226,26.358630681125756,-33.31661582672172
2001-10-28,-2.0212665530491156,-32.179467722149035,27.19866895986145,-34.00478503770278
2001-10-29,-2.321846476365877,-30.19690727152247,26.9631481544066,-34.20321805181132
2001-10-30,-2.6384723969508563,-29.973218886147283,27.717293600730493,-33.581988929634875
2001-10-31,-2.9264603481370766,-29.060780932995712,29.039383531635345,-31.01365695774473
2001-11-01,-4.0648257366756075,-28.314220440935724,26.735893757434575,-31.29872188111614
2001-11-02,-4.289431897212431,-30.79511177409099,27.624761750833617,-31.826222797044856
2001-11-03,-4.391986929769513,-30.397911985671044,28.863087745551287,-31.921120230387455
2001-11-04,-4.98218055644953,-31.374255231000188,28.803265977254544,-30.742877706018994
2001-11-05,-3.377799289506914,-30.507322892684037,29.570773252601388,-30.95787848979232
2001-11-06,-2.628618345430396,-29.34338684908263,28.801897599344368,-30.573960181356473
2001-11-07,-2.687380379194979,-30.13387058158905,28.791385729390193,-29.19106314648635
2001-11-08,-3.870497823931895,-28.848322683456967,28.2305185945103,-29.837592205842984
2001-11-09,-3.170583308273569,-28.30972368200306,29.577300036287706,-30.561892247274212
2001-11-10,-3.756908458407306,-29.001630817133787,30.82650555660122,-29.834560144155173
2001-11-11,-4.280237791709726,-28.874742976327113,30.744457773506124,-30.154151226969873
2001-11-12,-2.6504222687450447,-28.560841486636875,30.790251942434,-30.48247873208873
2001-11-13,-4.784110486079043,-30.25263474223524,31.18014840987852,-29.62570346441188
2001-11-14,-4.819881198365409,-29.11971978514984,29.474405018294764,-31.619218227968776
2001-11-15,-4.712345565742119,-27.336089842546432,27.943783799665155,-31.268111067841357
2001-11-16,-4.568429081189685,-25.595547118273952,26.818775932078022,-30.545019185687995
2001-11-17,-4.5313097814368914,-25.847171734976097,27.420622522568728,-30.01381379538072
2001-11-18,-4.073847772221911,-23.186415904983917,27.99936061694152,-31.560989902855777
2001-11-19,-4.8547566255557815,-21.289427983647354,28.051976134635517,-32.73768792756289
2001-11-20,-4.88413495851223,-21.998306238516967,28.061117147428753,-34.2690998994375
2001-11-21,-5.6997077694569,-22.370309380977965,28.25358076152972,-35.07668338148315
2001-11-22,-5.517727048095746,-21.802168383274612,27.68191309631538,-35.16294908692951
2001-11-23,-7.327565388994758,-21.68914913044436,27.679458804672343,-34.57736255802587
2001-11-24,-7.555561051790073,-24.197436595756777,25.93104231762586,-33.9979923208776
2001-11-25,-6.720634258786696,-23.89732247369361,26.249377335300817,-34.366058516083534
2001-11-26,-8.131613932442288,-20.898785753663716,27.276772826816835,-35.77947501553861
2001-11-27,-7.450319130372199,-23.411416685074062,27.23259910332333,-36.02905674718288
2001-11-28,-8.554941227581667,-25.038098359237623,26.027458279747584,-35.94731683814148
2001-11-29,-7.306070167921226,-25.121897901791534,25.399181712882413,-37.06655338873225
2001-11-30,-6.0233033262680316,-24.883490313557026,24.964146836676257,-36.90369829337167
2001-12-01,-5.231911325397929,-23.966253204029563,23.49723721359519,-37.908830660464524
2001-12-02,-3.8994407134251365,-22.60720309214181,24.906255302067663,-37.2002412784144
2001-12-03,-2.3442661158299183,-22.607804933641198,24.458379874081317,-37.292322725267425
2001-12-04,-1.9346377070550997,-20.33097287777612,22.97996651302825,-37.77355263401485
2001-12-05,-2.058144464988638,-21.046133958887104,21.336723370541968,-38.32195124124798
2001-12-06,-1.3141378685389478,-21.603847071450478,21.468822198648006,-37.31562649091665
2001-12-07,-0.4774457102942483,-22.523892164730636,22.538601389710365,-37.33936827005203
2001-12-08,1.0903623057460416,-22.821888810811444,20.1189466506785,-37.34397189457283
2001-12-09,1.113092887714612,-23.700632188006356,18.653516673631728,-35.126274934932205
2001-12-10,1.398651307338222,-22.09939903924219,18.091336536905143,-33.692080629762415
2001-12-11,0.9008596432898353,-21.7031948189598,18.39736587252969,-33.88636762817131
2001-12-12,-0.3424408155801262,-21.158442896829047,19.35004619083046,-34.151522195341585
2001-12-13,-1.0015256326358317,-20.19251479474769,18.92786086511371,-33.53317169452379
2001-12-14,-1.8263905679183048,-18.72397449171938,18.886087795641814,-35.314114970148296
2001-12-15,-0.9606990456632696,-18.274599779781102,18.177165181110883,-35.442694728437935
2001-12-16,-1.4290056035234437,-17.62554228633418,18.73089352230005,-35.87277611099386
2001-12-17,-1.1992857424548915,-18.047657333789026,18.50243359558259,-35.12117675356206
2001-12-18,-1.7231073128217682,-18.672361665486246,18.70440636929148,-33.77388005456184
2001-12-19,-3.1351079082536546,-19.221876285976524,16.598858430705363,-33.457393919448194
2001-12-20,-4.372273317085297,-18.230869230379103,15.591097502792362,-34.61202640042344
2001-12-21,-6.1764717690219655,-18.580479034615053,15.286803199580891,-35.11102468233959
2001-12-22,-4.147531577614853,-19.225656415706556,14.072513698465515,-34.71401918202515
2001-12-23,-3.4873062869643774,-19.214726318387324,13.845245570408448,-34.34649804833024
2001-12-24,-2.902312787929895,-19.039512742077665,13.41754480151701,-34.664758828745526
2001-12-25,-2.879776992916658,-17.74382970289857,11.997178813119744,-36.04224917712718
2001-12-26,-1.7134819403580566,-17.709111975581788,11.223544229299378,-37.33075069498642
2001-12-27,-1.0348188389649486,-17.915265894161237,10.362177629067059,-39.500186590130916
2001-12-28,0.19988963905131718,-16.245956865435712,10.501194173338824,-39.43881443314489
2001-12-29,0.6183557756820841,-14.70643251017476,11.204044715577888,-40.689212371567756
2001-12-30,1.465947881988202,-15.799696677490406,11.285220336355417,-42.29038658028947
2001-12-31,1.603331730849022,-16.700862940898,12.478167754957475,-42.644416968018206
2002-01-01,2.2534448001054974,-17.198325805432457,12.820506999547627,-42.30687038389524
2002-01-02,1.127963566327818,-16.40332215471235,12.204414551366494,-42.163761924711466
2002-01-03,0.3588585059004268,-15.899190125415101,10.849833554436039,-42.58269347459987
2002-01-04,1.30686173199501,-15.006456323697403,11.099968094915676,-43.305941422209465
2002-01-05,0.5148135585839745,-15.142437215069222,11.028249670543223,-43.43495756472873
2002-01-06,0.5925369628878066,-16.70498049524186,11.046075890518212,-44.14787968490486
2002-01-07,1.576512049820564,-15.033281123050177,10.402643004050494,-42.56840382331416
2002-01-08,0.3452737138649069,-15.909635332515027,11.20161821271908,-41.130012542415464
2002-01-09,1.0874110201614438,-14.191882037557,10.393346277230611,-40.37232086256191
2002-01-10,0.03442236782474728,-13.37875536139639,10.585247685430412,-41.07103560336787
2002-01-11,-2.2366246541122465,-14.565156363661872,9.416790017775936,-39.01436407424322
2002-01-12,-1.9480924636576962,-14.775168938914097,8.895725575201357,-40.505308212672865
2002-01-13,-2.8863942625742016,-15.168718729958787,7.5249168908317605,-39.772610080936424
2002-01-14,-2.217044741707456,-14.455407468591389,6.43853963174774,-40.01432687056835
2002-01-15,-4.054144891401582,-14.759950640141541,8.769863013323947,-37.91121389435726
2002-01-16,-3.4594147106003605,-15.838093169416737,10.281650479306926,-38.145016261061926
2002-01-17,-1.6672857226418498,-15.18971994082842,10.340465638529247,-37.82842326996947
2002-01-18,-1.6781578041163785,-14.045255284440783,11.212493629783781,-38.60985635489248
2002-01-19,-3.518427118863725,-13.814541283146903,11.514862743681404,-39.77599535602691
2002-01-20,-3.4993280010801033,-13.196106804562115,13.116832384796414,-38.83851403310635
2002-01-21,-3.7511414516047967,-13.670176639704732,10.375623325128975,-39.274117937903554
2002-01-22,-4.819285050734219,-11.71951478060099,10.368052300379741,-40.16969765172802
2002-01-23,-4.4485291783038985,-12.055595553071624,10.99856602271065,-39.5860464803987
2002-01-24,-5.701253142781323,-11.540574792813944,9.322061737762278,-39.516549147551686
2002-01-25,-5.8412418423753625,-13.304572066456016,8.351507951360471,-41.3669769725976
2002-01-26,-4.36859355817627,-12.777042765244136,7.211001063015253,-40.428575824941184
2002-01-27,-2.819896785564807,-11.149330173780495,7.548570378679922,-40.410314955869815
2002-01-28,-5.12285403778573,-9.962901120748358,7.2826418765255685,-42.850084791111215
2002-01-29,-5.4379467589293755,-9.532428403636981,7.605432808733543,-41.85961353534405
2002-01-30,-7.200711844349093,-9.755782592279838,7.006480313953775,-41.0061821234398
2002-01-31,-8.345622475369268,-8.7708022224604,6.820281675909549,-41.61887335576047
2002-02-01,-9.030505029998455,-9.228773201614779,7.429763423125469,-42.45076296841151
2002-02-02,-9.023448625731833,-9.753652939744056,9.529074636335046,-42.197980615526824
2002-02-03,-8.871997983099401,-9.42547208328254,10.414568175253942,-42.37159827701457
2002-02-04,-10.147745945674568,-9.339680500031957,9.99277418359531,-43.5819330463966
2002-02-05,-9.961854469533817,-10.441783209333376,11.132852020672523,-43.15603386937529
2002-02-06,-11.824416543358966,-9.539218567932895,10.833320196967328,-43.22633376654526
2002-02-07,-11.974195973018265,-9.924905833675547,10.875456458562308,-44.16585183998632
2002-02-08,-12.166708921086055,-9.810988072476535,9.597174337037728,-42.11214650778192
2002-02-09,-11.616626511280511,-9.878022730542746,8.523008428867318,-41.394917755495406
2002-02-10,-11.146134229311237,-8.596571936626864,9.325629992398694,-40.16492012471087
2002-02-11,-12.251075876288676,-10.320489700508396,10.062796845104634,-40.9811189416829
2002-02-12,-12.867865358790116,-10.82469404851151,9.764401368582824,-39.90819406520814
2002-02-13,-12.439052519810115,-10.374184895017857,10.9899517628272,-40.821083716863065
2002-02-14,-13.578201824362031,-10.603808712578505,11.650836886671309,-40.91244440451479
2002-02-15,-12.31924669962654,-10.201993003310474,12.024154825633248,-40.28559375401162
2002-02-16,-12.971989059792733,-10.866763633088953,11.74048106755656,-39.902798687511634
2002-02-17,-13.911421524206538,-11.607314633998383,11.538037579416013,-40.80873672567345
2002-02-18,-13.72639916721176,-11.155387707625774,10.8833601231466,-41.99788565411182
2002-02-19,-14.267531609028017,-11.616654525375111,10.733051116444251,-42.03944757829058
2002-02-20,-15.523749693168872,-10.059630066103011,10.40809270558108,-42.93262090445023
2002-02-21,-15.873500534820257,-10.484792623608142,8.903995491443242,-43.57349640906109
2002-02-22,-14.766950786627437,-11.931988909459754,9.024473725173403,-45.46030000536036
2002-02-23,-15.384782697237894,-12.491247223172234,9.31993865885932,-44.906587147477
2002-02-24,-15.632210699858064,-11.708686788041598,9.43231314130008,-45.96774564108859
2002-02-25,-16.545166245917258,-10.855750274368178,10.33446535157786,-46.467163874861434
2002-02-26,-16.678511123945352,-12.654778380732614,11.770952825429408,-46.190710311164764
2002-02-27,-16.99131816391,-12.770110155317681,11.851637096679903,-45.70575181617728
2002-02-28,-17.73626067188193,-10.738369628337411,12.128727221285642,-45.78304045982696
2002-03-01,-17.128281793804653,-9.631428157883217,10.411644584865003,-45.56909339252009
2002-03-02,-17.186195990884165,-11.350005528745879,11.114458629341264,-45.32123448537492
2002-03-03,-16.172549396462625,-11.051964660217953,9.985393737894578,-46.811539051430415
2002-03-04,-15.1789626302726,-10.108597580445181,9.166598036350106,-46.55775191312788
2002-03-05,-16.103563010124134,-8.978227182090768,7.49653935626791,-45.94448114735245
2002-03-06,-14.356758991933413,-8.924773144841664,5.224261319832632,-46.11355546949725
2002-03-07,-13.782823809758652,-9.18563083248174,6.114327295785463,-45.95108095728805
2002-03-08,-13.701425885546879,-10.039457274845091,5.934347662535812,-45.951455693508386
2002-03-09,-15.85946856573218,-9.17837453521001,5.929413505524088,-44.99313987574116
2002-03-10,-15.243464879443074,-9.231434709502404,6.37154811136415,-46.478708546655334
2002-03-11,-15.104614141383715,-11.084514641301817,6.8318744022716515,-45.81290391504746
2002-03-12,-15.989975578067474,-10.699771216482073,7.3186452334935606,-48.524166011814145
2002-03-13,-15.945991164460933,-10.29827039097914,5.8395191845223025,-48.156122829586764
2002-03-14,-15.978479734772753,-10.641485333002453,4.182691071781692,-47.88273764302964
2002-03-15,-16.76340218205948,-10.139010386099407,5.322806341839948,-47.4272889827294
2002-03-16,-15.582825416168069,-10.084519276186398,5.141579078501783,-47.477279415878215
2002-03-17,-16.084493859908633,-10.825998925781189,4.849873698869531,-46.26905442646405
2002-03-18,-16.548761257055776,-10.414680567892209,4.6420304760391495,-45.8150821588114
2002-03-19,-16.828260233144924,-10.334240664075027,3.149928711814307,-45.7560371206333
2002-03-20,-16.750231991923492,-8.958042338878803,3.5626144741927406,-45.65198999566542
2002-03-21,-16.756388029716803,-10.091984391554362,0.7954510096405358,-47.071282385254875
2002-03-22,-15.88524453718301,-9.409197709537366,0.37570887635080774,-48.65146767487231
2002-03-23,-15.564831084738753,-9.821709115039328,-0.8111578911892553,-50.30291024423243
2002-03-24,-15.214219292373823,-9.606352733132749,-1.1134913344703754,-50.44984413132448
2002-03-25,-16.11948261110017,-8.918625506292434,-0.48184105961626966,-51.536936093223424
2002-03-26,-15.736180049456634,-7.850679204521735,-0.8257340994687123,-50.124637477569
2002-03-27,-16.779981743932098,-8.702904625024328,0.4792283148943215,-51.79465000658765
2002-03-28,-16.55319049943703,-10.063203906172799,1.380488835090959,-51.418357229264075
2002-03-29,-16.40394859942168,-9.76150409522032,0.7730286167627805,-50.93591708639775
2002-03-30,-17.27419404837231,-10.132134876541807,0.592496692661427,-50.756989333684196
2002-03-31,-17.662958144387922,-9.80496618070431,-0.3092114669642806,-50.00469010002845
2002-04-01,-17.989072419042433,-8.629716749951456,-0.7249766632419661,-50.70502962269776
2002-04-02,-17.95266927319085,-7.6571381307786615,-2.098185440573718,-51.087978347355794
2002-04-03,-19.204216202073393,-6.640200160563403,-0.9721674683112456,-50.41223679748197
2002-04-04,-17.93776262791812,-6.526681386874361,-1.0614039273692981,-50.6633519434456
2002-04-05,-17.318088499990004,-7.934256111628225,0.9432703274126624,-48.50518181420076
2002-04-06,-16.381635951054044,-6.66148396363028,2.2550588947159538,-47.02530076113491
2002-04-07,-16.053986656919452,-7.520209582469116,1.5988937415666866,-45.61962483722471
2002-04-08,-15.50284049058782,-7.2611704237149315,1.5806802873211656,-45.48014977177441
2002-04-09,-13.397090153851302,-8.290376523870941,3.0404671020874403,-46.868046771822435
2002-04-10,-11.117733097109966,-8.21032221644244,1.817114090672905,-45.944908051648035
2002-04-11,-12.450312640236824,-6.272769163536159,2.1189700070691533,-45.09259897190867
2002-04-12,-12.30599877574353,-5.537146985464333,2.215162544414382,-46.15098885171486
2002-04-13,-12.802363383170066,-6.642752788401255,0.3505354825001121,-46.134712641387225
2002-04-14,-12.074955587799835,-6.830425427927026,0.39849363560381407,-46.064033170383
2002-04-15,-11.846866063745594,-8.46666270438335,0.3978393595959684,-45.57997680557034
2002-04-16,-13.106294044341345,-9.376966695911333,0.9141822790075564,-45.27634988424108
2002-04-17,-13.386524229143603,-9.574083499391017,-0.212562741669593,-46.293269155579196
2002-04-18,-13.503670642639907,-10.705931191205346,1.7090556706208917,-46.312949003123556
2002-04-19,-12.640561091362294,-11.115300260657143,0.859321176595243,-45.85825049734758
2002-04-20,-12.937260250953205,-11.775947169912966,1.984974460298408,-44.76846191208652
2002-04-21,-14.13557367112766,-9.357505007664763,1.342028124437979,-44.034167217850815
2002-04-22,-15.510580327908228,-9.00922662365514,1.7247926687394781,-43.87537458637086
2002-04-23,-15.447159704179898,-9.81728859138184,3.774328522569765,-42.799690567205225
2002-04-24,-15.403204868142991,-9.294172338505776,4.2960452914985146,-43.17906001115029
2002-04-25,-15.425379847062253,-9.470695397308733,3.871899325379978,-42.0792667531091
2002-04-26,-16.344151910469648,-9.757669346521233,2.2909891975160086,-40.47193016689071
2002-04-27,-16.451896817376127,-10.097692660184421,1.669417786418835,-39.98420050338772
2002-04-28,-17.0604127218398,-7.756455360799562,2.179034495206894,-39.04550195516859
2002-04-29,-15.6535010886677,-7.582559842158494,3.4481690938104403,-36.676886128965606
2002-04-30,-14.897190700338633,-8.320463502936269,3.168699126615575,-35.855074291228355
2002-05-01,-14.722635293481023,-11.869400931137715,3.088252445848609,-35.820856494150696
2002-05-02,-15.352127063680683,-11.007679925092553,4.319886518158445,-35.71675575573321
2002-05-03,-15.769955263014962,-11.968525645602837,3.934349042966793,-34.418957042700875
2002-05-04,-13.835210732786551,-10.23224411469421,3.484621632140017,-34.66023844987374
2002-05-05,-12.200640824431103,-8.759264482708833,4.091379413200116,-33.79083301643612
2002-05-06,-11.971447872936162,-8.450280014771787,3.7395521150207474,-32.9137687153902
2002-05-07,-11.947699196730683,-7.7345445328332465,3.977547428189086,-32.81079150903394
2002-05-08,-11.45356041664055,-6.665011305003812,6.262756614394521,-32.8170814366819
2002-05-09,-9.844273734623707,-7.824721206892866,7.462690930462661,-32.209290615760956
2002-05-10,-8.442592642107307,-7.651660631892878,7.92622796430521,-31.69377238967949
2002-05-11,-6.33606040265196,-5.304806366520669,7.146101895871387,-29.506773361917112
2002-05-12,-7.153007485441129,-6.3746773596590804,8.103678740785515,-28.793909098588255
2002-05-13,-6.438842462001692,-5.829498921911672,6.950094499311304,-29.295058705856373
2002-05-14,-6.762766546259038,-5.303811317858426,6.254478763950907,-27.497454826734618
2002-05-15,-6.551524494862215,-4.361167949730903,6.762106459823741,-27.142797832322337
2002-05-16,-5.173091928771901,-4.5374120623657115,7.938366375605645,-27.194078545817447
2002-05-17,-5.32449516599663,-4.612084255924151,8.557184439728056,-27.06331767376399
2002-05-18,-5.639493172093232,-6.57134766265003,9.243011250106107,-26.47105626013972
2002-05-19,-6.719186410595239,-6.894821648246649,9.498231744145533,-24.83058799454569
2002-05-20,-6.04211661021498,-5.468137434624673,11.274537976562018,-24.97882052595612
2002-05-21,-7.13739667666286,-5.886842745152008,13.094956841979755,-23.97474870267269
2002-05-22,-9.1579144154501,-7.12972926911073,11.87575902988771,-25.906093673437148
2002-05-23,-7.047369779900185,-7.548802839213525,11.545691053002152,-26.676401680164677
2002-05-24,-7.026422327819656,-6.7020733442338205,10.698282777160767,-24.87580409269083
2002-05-25,-8.042443520642946,-6.801763943072914,10.563125756918275,-26.299953621031907
2002-05-26,-8.459462921868983,-6.702695991616845,10.52733855034779,-24.90560205719422
2002-05-27,-10.045908358855131,-6.291015484676147,9.14742224647009,-25.10209471720168
2002-05-28,-8.266253611370827,-5.923639318805354,8.771921800673955,-25.839105664050006
2002-05-29,-8.987253367400143,-6.118801523642805,9.388667446305071,-25.272723707083745
2002-05-30,-9.85407915810119,-4.362835678906828,9.063101733680037,-24.715651681228206
2002-05-31,-9.204812527664494,-3.387459293617855,8.052000522155417,-23.231536590046176
2002-06-01,-9.755280167647761,-2.647351765894504,7.469807061184836,-23.33130407524487
2002-06-02,-8.874756898400387,-1.8495529825923605,7.691402631859371,-26.78398197678186
2002-06-03,-10.815382017976365,-1.4401241628968853,7.316440219061774,-29.447260500155313
2002-06-04,-10.025242631104037,-4.391708160690756,6.243495942424721,-29.63004862022232
2002-06-05,-9.28052823507332,-4.673011615758642,4.299541833300845,-29.281989695866628
2002-06-06,-8.094502942362562,-5.807258524536195,5.625774421337949,-31.072403785445964
2002-06-07,-9.384022835728677,-7.491307346965525,6.71423207347302,-30.66893622687629
2002-06-08,-9.356542231211582,-6.989379521980876,6.085498525414194,-32.54282399142613
2002-06-09,-9.780454713896512,-7.33653725035064,5.2360884055778545,-32.25613949978252
2002-06-10,-8.018201019714123,-7.296712596575549,4.040386679120653,-32.76383071450367
2002-06-11,-7.875270392248314,-7.359735046578212,4.103621204456941,-32.9405500161499
2002-06-12,-6.264964857785422,-7.1606463931990785,3.4850991916885534,-32.67764157453322
2002-06-13,-4.773541452217566,-7.307598104833388,3.182438401442621,-32.3061644601056
2002-06-14,-5.285160794548713,-6.245514354417969,2.5673358065236074,-33.43965964497286
2002-06-15,-5.047448999240053,-5.196831614979266,2.1446893355246788,-32.283657964952404
2002-06-16,-4.876504538809654,-3.7446497268725514,1.177498502365789,-32.64251153436253
2002-06-17,-5.963060602390519,-3.1125411021984144,1.5565101825856495,-32.9769654355232
2002-06-18,-6.118466918644711,-2.3798936351277638,1.4609294917712095,-31.583193122149
2002-06-19,-6.949956047819542,-1.2112518364521432,1.9994125082503338,-31.32591016284854
2002-06-20,-7.849593576602841,-1.2620979949513171,3.4907403042700027,-30.416553141871272
2002-06-21,-7.570390051145664,1.677502214804563,3.8005682006786947,-31.71998195441715
2002-06-22,-8.37939061997967,0.39963992695582795,3.862861719337989,-33.56628024996895
2002-06-23,-10.322819184021306,1.2558467176014882,5.313458922273476,-33.69720777396065
2002-06-24,-10.921652303478684,3.0458562392678257,5.748432516935562,-35.33644812686421
2002-06-25,-10.950053564412247,4.424219969536844,5.0254073728032616,-35.551755806930245
2002-06-26,-10.653358928959417,4.879809237449781,5.615547811168337,-35.52688147429218
2002-06-27,-12.944186099330327,5.056609841004292,6.474443410427646,-37.15627122680137
2002-06-28,-13.57908599222603,4.525894181769621,5.612241866670579,-36.951653151444376
2002-06-29,-12.514330641927296,5.469668812770932,6.361181370895398,-36.74464943389338
2002-06-30,-13.717087152828295,7.011244434913744,6.749935021357192,-38.18768676495153
2002-07-01,-14.475241559951447,6.0649229380225504,4.787293176877446,-38.47306759335605
2002-07-02,-13.861841022190202,7.894416040474618,2.8150561894351727,-35.478288197096816
2002-07-03,-15.322311929593985,8.098540268731663,3.163851162250295,-35.210341914107694
2002-07-04,-14.797789153730672,7.649798953705723,4.57913456500202,-35.02786459025547
2002-07-05,-13.370881077133387,8.223980968475779,4.497277274704195,-34.93719434631953
2002-07-06,-14.238979080789766,9.22560245041274,6.1136651084312845,-35.40426209243399
2002-07-07,-15.328717603857351,9.31143651060799,7.911087234425953,-35.62813007325756
2002-07-08,-15.51635945347317,7.584537207226255,9.96214449312714,-35.253609280178104
2002-07-09,-14.761380028486963,7.673311301880842,10.208698361417209,-33.53026459048858
2002-07-10,-13.907813735787284,7.455732023980249,10.385938761352781,-33.581120443893155
2002-07-11,-15.23694896365643,7.418875947266238,10.463621330366214,-33.9091818991115
2002-07-12,-15.873907403484218,4.740921415040324,12.586057628127115,-34.78642217878692
2002-07-13,-14.871556562022892,3.149070889664976,11.040274239113948,-33.77952690588571
2002-07-14,-15.002061498235715,3.351778038615361,11.642287582064458,-33.08342841692416
2002-07-15,-15.440268607624196,0.9729800143347802,11.993439596245578,-31.68440060342507
2002-07-16,-15.137428365043156,-0.3910111349235361,9.929683927875402,-33.27317102753384
2002-07-17,-15.482307849803808,2.6471754039815423,9.613451595457034,-32.94144517792539
2002-07-18,-15.141944272346917,0.9099886438350357,9.390255676073034,-31.41382667678618
2002-07-19,-14.91304839347221,1.3891923633068832,9.712597016876355,-31.68039391572345
2002-07-20,-15.590150786046607,1.952410459134006,11.703311880152711,-32.17658767083704
2002-07-21,-16.107126755036,2.5010671237143174,9.486704762891343,-32.63850352503314
2002-07-22,-16.52449213422188,2.7406808222377284,9.924567574635333,-33.215656968224714
2002-07-23,-15.24566598419163,2.693424338845822,8.09391000970332,-34.267618424218185
2002-07-24,-13.904270855026693,4.335246717778353,9.435511611665719,-35.15544279290347
2002-07-25,-14.454149568863967,4.671893456255738,9.229547794574193,-36.306126978617925
2002-07-26,-15.253869994614563,4.715760568631438,9.770434229358647,-36.06558300611138
2002-07-27,-14.744339599717696,5.484582944846829,9.373067984540645,-36.64051417377305
2002-07-28,-16.1055686753237,4.130749081088528,8.923077662625031,-35.813263672518
2002-07-29,-15.593615263713268,2.8517663653783027,9.650896773319076,-37.30658064435374
2002-07-30,-16.29196170813875,4.202964489919648,9.833851933032756,-36.37398119154302
2002-07-31,-16.713260895254898,3.775399842385176,9.793068202351948,-37.24718311154627
2002-08-01,-15.86121934279462,0.9023425529265152,8.65113104055636,-37.698520439951515
2002-08-02,-15.071264179968061,0.9412455278597152,7.749328453801594,-37.31350333224476
2002-08-03,-14.644711298984097,1.0009449402057458,7.4489413172518875,-38.350891603099505
2002-08-04,-12.716045956401572,0.23884600128453615,8.15199645583412,-37.5307749478983
2002-08-05,-14.436675424249602,-1.1743471842025426,8.703984759341699,-38.48453854678631
2002-08-06,-14.821222436603856,-1.2199819035711306,7.41604100125165,-37.72328093703531
2002-08-07,-14.574427556799133,-0.07416652750791664,7.5027730684996925,-39.433570165637384
2002-08-08,-14.456170636594377,-0.9774777864960742,7.820744130259619,-40.18459704694996
2002-08-09,-12.336780994941014,-2.8696177009828183,7.948890967362052,-41.79632595049212
2002-08-10,-13.137746994608266,-0.9142929748448119,7.951751025116277,-41.959562800101715
2002-08-11,-14.449637655320654,-0.15738234441515475,6.2248307103910925,-42.961736763942866
2002-08-12,-14.773386039977666,-1.5548269978901679,5.586914426997219,-42.72921792813659
2002-08-13,-15.10264132245364,-0.6105845626056651,7.833272467684544,-42.24156125539658
2002-08-14,-15.313400680742795,-1.1738578573830822,6.268438218492532,-41.47560913482204
2002-08-15,-17.14528802283883,-1.2893951924645597,6.895664701922303,-40.837791572251426
2002-08-16,-17.488001609526954,-0.953005505937147,7.05962269471263,-41.25170605496724
2002-08-17,-20.235261228966472,-0.10104901864727145,6.492383156667594,-41.12597936102484
2002-08-18,-19.429784640050187,-0.5549479869303084,6.514489354652897,-40.59876501963611
2002-08-19,-20.07944063598968,-2.089004912149657,5.494840876176328,-40.173415427297556
2002-08-20,-21.487244076333933,-0.929063151105515,6.005985300670535,-39.6975123824139
2002-08-21,-22.471743104741208,-2.4010690887535344,7.78865922942857,-40.044225925133574
2002-08-22,-23.637536574623574,-2.738883621804839,8.815343093901554,-40.06671315285802
2002-08-23,-23.911763223323476,-2.3527558913856303,10.203478542362417,-40.834451391640606
2002-08-24,-23.92596885657501,-2.7765994262007707,10.854429961452098,-41.432802854151
2002-08-25,-23.785950323326873,-2.4127897093585378,8.304532893465812,-40.14701995123057
2002-08-26,-22.69862219887267,-2.941083617156664,7.58570415342413,-39.21091876995269
2002-08-27,-23.55389520055989,-2.7652068719717033,8.28481106686423,-38.247029327533674
2002-08-28,-23.19087429987178,-3.369980304900388,8.750262833044562,-38.00529171186611
2002-08-29,-22.914952257102556,-3.4524307736249105,7.724709340584298,-37.12511341570235
2002-08-30,-21.966854031599365,-3.0543266950101122,9.523969888127752,-36.98827112323937
2002-08-31,-22.49758301822928,-0.9606747276586098,9.506332835157584,-37.839996241286904
2002-09-01,-22.254339056411172,-2.4052595379640858,8.6579360972344,-36.03036285678618
2002-09-02,-23.35536900631325,-2.460186194706464,9.842805473318519,-35.03291349735558
2002-09-03,-23.065611421931735,-2.443484997576992,8.589215026332214,-34.69520709617561
2002-09-04,-24.481349295913784,-4.843024892483194,8.145073589932226,-34.28200929029512
2002-09-05,-24.41552285149866,-5.648525733013047,7.202799942892239,-31.818490425130722
2002-09-06,-24.285521907588993,-4.545214312544153,8.259560297831037,-31.962084964247452
2002-09-07,-22.985507268081385,-5.906158018938366,8.538385722488302,-31.54315598486743
2002-09-08,-24.807593001506408,-4.66991745404481,9.611883280523482,-31.988343654950587
2002-09-09,-25.587985351167486,-5.222988334188696,9.187151775429781,-32.178114878034485
2002-09-10,-25.92849687881872,-5.581765850588532,8.750829332890863,-32.953290301177795
2002-09-11,-27.781911071684505,-4.817885550974249,9.50608141670833,-33.243695507398535
2002-09-12,-29.085666978862506,-3.821905663195794,10.441528176686525,-33.37247112643298
2002-09-13,-30.17293011911843,-4.270504822199011,10.995031567003867,-32.730926255777334
2002-09-14,-30.58151659030296,-4.457142924159038,9.387077201948166,-33.863643939108094
2002-09-15,-30.178331710972806,-4.004097668626127,9.647333763357297,-35.63501185197312
2002-09-16,-30.861292474588065,-2.776194183015408,10.375531260467822,-37.283566421190955
2002-09-17,-30.131500055387082,-2.1340771031409176,12.184389408093407,-36.848160784333665
2002-09-18,-30.481101674659485,-0.998813866119334,12.345736722475833,-36.541745084876965
2002-09-19,-30.322800969446245,-1.3376500211352826,12.075759830587666,-36.898927617984874
2002-09-20,-29.219215756334005,-1.3394760545276378,12.390898820795067,-35.10511618650786
2002-09-21,-30.54159421903118,-0.3690446432220439,12.89735542048191,-35.81588099715734
2002-09-22,-31.140942943737965,-2.137763742485863,12.018325193593236,-35.27762151230375
2002-09-23,-32.960109777974495,-2.5001928687070927,12.379875735104628,-35.4412879756036
2002-09-24,-33.11198970657143,-3.0217735587151298,12.019317147748108,-33.83183844214359
2002-09-25,-33.27837158172899,-3.3473573037651785,11.549306028459236,-35.13357230928609
2002-09-26,-32.530366110538985,-4.5795812922926515,10.734952404545856,-35.31090337111471
